Customer Churn & Engagement Analysis,,,,,,,,,,,,,,,,,,,
"Spending, inactivity, churn separation, segment value, and retention triggers | Refreshed 2026-09-30",,,,,,,,,,,,,,,,,,,
,,,,,,,,,,,,,,,,,,,
Core KPI,Value,,What Separates Churned Customers,,,,,,,,,,,,,,,,
Total customers,10127,,Metric,Customers Who Stay,Customers Who Churn,Churn vs Stay,Direction,Interpretation,,,,,,,,,,,
Attrited customers,1627,,Annual transaction amount,4654.66,3095.03,-1559.63,Lower in churn,Lower spend is a disengagement signal,,,,,,,,,,,
Overall churn rate,0.160659623,,Annual transaction count,68.67,44.93,-23.74,Lower in churn,Lower frequency strongly signals churn,,,,,,,,,,,
Average annual transaction amount,4404.086304,,Months inactive,2.27,2.69,0.42,Higher in churn,More inactive months increase risk,,,,,,,,,,,
Average annual transaction count,64.85869458,,Product relationships,3.91,3.28,-0.63,Lower in churn,Fewer products weaken retention,,,,,,,,,,,
Existing-customer 25th percentile transaction count,54.0,,Average utilization,0.30,0.16,-0.13,Lower in churn,Utilization should be read with activity,,,,,,,,,,,
Existing-customer 25th percentile count change,0.617,,Transaction count change Q4/Q1,0.74,0.55,-0.19,Lower in churn,Declining activity is an early warning,,,,,,,,,,,
Existing-customer 25th percentile spend change,0.643,,Transaction amount change Q4/Q1,0.77,0.69,-0.08,Lower in churn,Declining spend is an early warning,,,,,,,,,,,
,,,Customer contacts in 12 months,2.36,2.97,0.62,Higher in churn,More contacts may indicate service friction,,,,,,,,,,,
,,,,,,,,,,,,,,,,,,,
Key Findings,,,,,,,,,,,,,,,,,,,
Highest-spend income category,$120K +,,,,,,,,,,,,,,,,,,
Highest-spend card category,Platinum,,,,,,,,,,,,,,,,,,
Income category with highest churn rate,$120K +,,,,,,,,,,,,,,,,,,
Card category with highest churn rate,Platinum,,,,,,,,,,,,,,,,,,
Existing customers on watch (2+ triggers),"3,404",,,,,,,,,,,,,,,,,,
High-priority existing customers (3+ triggers),"1,120",,,,,,,,,,,,,,,,,,
,,,,,,,,,,,,,,,,,,,
,,,,,,,,,,,,,,,,,,,
Income Category Value,,,,,,,,,Card Category Value,,,,,,,,,,
,,,,,,,,,,,,,,,,,,,
,,,,,,,,,,,,,,,,,,,
Income Category,Customers,Churn Rate,Avg Transaction Amount,Avg Transaction Count,Avg Inactive Months,Avg Credit Limit,Avg Utilization,,Card Category,Customers,Churn Rate,Avg Transaction Amount,Avg Credit Limit,,,,,,
Less than $40K,3561,17.2%,"4,363",66.15,2.37,3754.40,0.38,,Blue,9436,16.1%,"4,225","7,364",,,,,,
$40K - $60K,1790,15.1%,"4,406",65.00,2.29,5462.26,0.32,,Silver,555,14.8%,"6,590","25,278",,,,,,
$60K - $80K,1402,13.5%,"4,451",63.25,2.33,10758.77,0.21,,Gold,116,18.1%,"7,686","28,416",,,,,,
$80K - $120K,1535,15.8%,"4,483",62.70,2.33,15809.89,0.16,,Platinum,20,25.0%,"9,000","30,283",,,,,,
$120K +,727,17.3%,"4,529",63.70,2.33,19717.32,0.13,,,,,,,,,,,,
Unknown,1112,16.8%,"4,282",66.25,2.37,9516.58,0.22,,,,,,,,,,,,
,,,,,,,,,,,,,,,,,,,
,,,,,,,,,,,,,,,,,,,
Inactivity vs Churn,,,,,Transaction Count vs Churn,,,,,Relationships vs Churn,,,,,,,,,
Group,Customers,Churn Rate,Avg Transaction Amount,,Group,Customers,Churn Rate,Avg Transaction Amount,,Group,Customers,Churn Rate,Avg Transaction Amount,,,,,,
0-1 months,2262,5.1%,"4,653",,<=40,1938,31.5%,"1,586",,1-2,2153,26.9%,"7,118",,,,,,
2 months,3282,15.4%,"4,401",,41-60,2109,37.0%,"2,595",,3,2305,17.4%,"3,936",,,,,,
3 months,3846,21.5%,"4,321",,61-80,3530,5.8%,"4,339",,4,1912,11.8%,"3,755",,,,,,
4+ months,737,24.6%,"4,085",,81+,2550,1.2%,"8,132",,5-6,3757,11.3%,"3,466",,,,,,
,,,,,,,,,,,,,,,,,,,
,,,,,,,,,,,,,,,,,,,
Activity Change vs Churn,,,,,Utilization vs Churn,,,,,,,,,,,,,,
Group,Customers,Churn Rate,Avg Transaction Amount,,Group,Customers,Churn Rate,Avg Transaction Amount,,,,,,,,,,,
<0.5,1370,50.9%,"2,272",,0-10%,4053,26.4%,"4,526",,,,,,,,,,,
0.5-0.7,3629,14.8%,"4,465",,10-30%,2200,9.5%,"4,779",,,,,,,,,,,
0.7-0.9,3646,7.8%,"5,428",,30-50%,1329,9.1%,"4,453",,,,,,,,,,,
0.9+,1482,7.3%,"3,705",,50%+,2545,9.0%,"3,861",,,,,,,,,,,
,,,,,,,,,,,,,,,,,,,
,,,,,,,,,,,,,,,,,,,
Retention & Engagement Trigger,,,,,,,,,,,,,,,,,,,
"Flag existing customers when at least two conditions are met: 3+ inactive months, transaction-count change below the existing-customer 25th percentile, spend change below the existing-customer 25th percentile, transaction count below the 25th percentile, or 2 or fewer product relationships. Three or more conditions = high priority. This dataset has annual/Q4-to-Q1 indicators, not monthly transaction history, so the trigger is a proxy for multi-month decline.",,,,,,,,,,,,,,,,,,,
,,,,,,,,,,,,,,,,,,,
"Use the filter arrows below to focus outreach by income, card, inactivity, relationships, or utilization.",,,,,,,,,,,,,,,,,,,
Client,Income,Card,Transaction Amount,Transaction Count,Inactive Months,Count Change,Spend Change,Relationships,Utilization,,,,,,,,,,
710232483,Unknown,Blue,"16,908",122,3,0.694,0.602,2,10.9%,,,,,,,,,,
712210458,$40K - $60K,Blue,"16,628",109,3,0.946,0.614,2,27.6%,,,,,,,,,,
818712633,Less than $40K,Blue,"16,100",119,6,0.608,0.632,4,25.8%,,,,,,,,,,
804670758,Unknown,Blue,"15,903",121,3,0.571,0.567,4,10.7%,,,,,,,,,,
818235408,$60K - $80K,Blue,"15,634",118,3,0.639,0.616,2,0.0%,,,,,,,,,,
721402233,$120K +,Blue,"15,615",125,3,0.736,0.594,2,7.9%,,,,,,,,,,
718947558,Unknown,Blue,"15,574",115,3,0.797,0.628,2,54.0%,,,,,,,,,,
708649683,$60K - $80K,Blue,"15,472",122,3,0.768,0.555,1,6.8%,,,,,,,,,,
823837158,$40K - $60K,Blue,"15,367",123,3,0.685,0.591,1,13.4%,,,,,,,,,,
711720408,Less than $40K,Blue,"15,211",129,3,0.743,0.637,1,14.0%,,,,,,,,,,
711003483,$60K - $80K,Blue,"15,121",97,3,0.540,0.868,2,5.6%,,,,,,,,,,
779900808,$60K - $80K,Blue,"14,950",94,3,0.843,0.536,2,0.0%,,,,,,,,,,
718728108,$60K - $80K,Silver,"14,887",119,3,0.545,0.800,1,5.3%,,,,,,,,,,
713552958,$60K - $80K,Blue,"14,833",114,3,0.583,0.919,1,12.8%,,,,,,,,,,
720618033,$40K - $60K,Blue,"14,829",90,3,0.800,0.638,1,0.0%,,,,,,,,,,
713975433,Less than $40K,Blue,"14,783",110,3,0.864,0.627,2,19.8%,,,,,,,,,,
813153108,$80K - $120K,Blue,"14,565",108,3,0.742,0.570,2,3.1%,,,,,,,,,,
719248158,$60K - $80K,Blue,"14,533",108,3,0.565,0.972,1,19.9%,,,,,,,,,,
816310158,$60K - $80K,Blue,"14,500",106,3,0.582,1.044,1,18.3%,,,,,,,,,,
798788958,$80K - $120K,Blue,"14,471",93,3,0.603,0.756,2,17.6%,,,,,,,,,,
,,,,,,,,,,,,,,,,,,,
Visual Dashboard,,,,,,,,,,,,,,,,,,,
Charts refresh automatically. Use the filter arrows in the segment and outreach tables to explore groups.,,,,,,,,,,,,,,,,,,,
,,,,,,,,,,,,,,,Inactivity Band,Churn Rate,,Transaction Count,Churn Rate
,,,,,,,,,,,,,,,0-1 months,0.050839965,,<=40,0.315273478
,,,,,,,,,,,,,,,2 months,0.153869592,,41-60,0.369843528
,,,,,,,,,,,,,,,3 months,0.214768591,,61-80,0.058073654
,,,,,,,,,,,,,,,4+ months,0.245590231,,81+,0.012156863
,,,,,,,,,,,,,,,,,,,
,,,,,,,,,,,,,,,,,,,
,,,,,,,,,,,,,,,,,,,
,,,,,,,,,,,,,,,Income Category,Avg Transaction Amount,,Card Category,Avg Transaction Amount
,,,,,,,,,,,,,,,Less than $40K,4363.420107,,Blue,4225.40674
,,,,,,,,,,,,,,,$40K - $60K,4405.618994,,Silver,6590.482883
,,,,,,,,,,,,,,,$60K - $80K,4450.712553,,Gold,7685.612069
,,,,,,,,,,,,,,,$80K - $120K,4482.960261,,Platinum,8999.75
,,,,,,,,,,,,,,,$120K +,4529.467675,,,
,,,,,,,,,,,,,,,Unknown,4282.211331,,,
,,,,,,,,,,,,,,,,,,,
,,,,,,,,,,,,,,,,,,,
,,,,,,,,,,,,,,,,,,,
,,,,,,,,,,,,,,,,,,,
,,,,,,,,,,,,,,,,,,,
,,,,,,,,,,,,,,,,,,,
,,,,,,,,,,,,,,,,,,,
,,,,,,,,,,,,,,,,,,,
,,,,,,,,,,,,,,,,,,,
,,,,,,,,,,,,,,,,,,,
,,,,,,,,,,,,,,,,,,,
,,,,,,,,,,,,,,,,,,,
,,,,,,,,,,,,,,,,,,,
,,,,,,,,,,,,,,,,,,,
,,,,,,,,,,,,,,,,,,,
,,,,,,,,,,,,,,,,,,,
,,,,,,,,,,,,,,,,,,,
,,,,,,,,,,,,,,,,,,,
,,,,,,,,,,,,,,,,,,,
,,,,,,,,,,,,,,,,,,,
,,,,,,,,,,,,,,,,,,,
,,,,,,,,,,,,,,,,,,,
,,,,,,,,,,,,,,,,,,,
,,,,,,,,,,,,,,,,,,,
,,,,,,,,,,,,,,,,,,,
,,,,,,,,,,,,,,,,,,,
,,,,,,,,,,,,,,,,,,,
,,,,,,,,,,,,,,,,,,,
,,,,,,,,,,,,,,,,,,,
,,,,,,,,,,,,,,,,,,,
,,,,,,,,,,,,,,,,,,,
,,,,,,,,,,,,,,,,,,,
,,,,,,,,,,,,,,,,,,,
,,,,,,,,,,,,,,,,,,,
,,,,,,,,,,,,,,,,,,,
,,,,,,,,,,,,,,,,,,,
,,,,,,,,,,,,,,,,,,,
,,,,,,,,,,,,,,,,,,,
,,,,,,,,,,,,,,,,,,,
,,,,,,,,,,,,,,,,,,,
,,,,,,,,,,,,,,,,,,,
,,,,,,,,,,,,,,,,,,,
,,,,,,,,,,,,,,,,,,,
,,,,,,,,,,,,,,,,,,,
,,,,,,,,,,,,,,,,,,,
,,,,,,,,,,,,,,,,,,,
,,,,,,,,,,,,,,,,,,,
,,,,,,,,,,,,,,,,,,,
,,,,,,,,,,,,,,,,,,,
,,,,,,,,,,,,,,,,,,,
,,,,,,,,,,,,,,,,,,,
,,,,,,,,,,,,,,,,,,,
,,,,,,,,,,,,,,,,,,,
,,,,,,,,,,,,,,,,,,,
,,,,,,,,,,,,,,,,,,,
,,,,,,,,,,,,,,,,,,,
,,,,,,,,,,,,,,,,,,,
,,,,,,,,,,,,,,,,,,,
,,,,,,,,,,,,,,,,,,,
,,,,,,,,,,,,,,,,,,,
,,,,,,,,,,,,,,,,,,,
,,,,,,,,,,,,,,,,,,,
,,,,,,,,,,,,,,,,,,,
,,,,,,,,,,,,,,,,,,,
,,,,,,,,,,,,,,,,,,,
,,,,,,,,,,,,,,,,,,,
,,,,,,,,,,,,,,,,,,,
,,,,,,,,,,,,,,,,,,,
,,,,,,,,,,,,,,,,,,,
,,,,,,,,,,,,,,,,,,,
,,,,,,,,,,,,,,,,,,,
,,,,,,,,,,,,,,,,,,,
,,,,,,,,,,,,,,,,,,,
,,,,,,,,,,,,,,,,,,,
,,,,,,,,,,,,,,,,,,,
,,,,,,,,,,,,,,,,,,,
,,,,,,,,,,,,,,,,,,,
,,,,,,,,,,,,,,,,,,,
,,,,,,,,,,,,,,,,,,,
,,,,,,,,,,,,,,,,,,,
,,,,,,,,,,,,,,,,,,,
,,,,,,,,,,,,,,,,,,,
,,,,,,,,,,,,,,,,,,,
,,,,,,,,,,,,,,,,,,,
,,,,,,,,,,,,,,,,,,,
,,,,,,,,,,,,,,,,,,,
,,,,,,,,,,,,,,,,,,,
,,,,,,,,,,,,,,,,,,,
,,,,,,,,,,,,,,,,,,,
,,,,,,,,,,,,,,,,,,,
,,,,,,,,,,,,,,,,,,,
,,,,,,,,,,,,,,,,,,,
,,,,,,,,,,,,,,,,,,,
,,,,,,,,,,,,,,,,,,,
,,,,,,,,,,,,,,,,,,,
,,,,,,,,,,,,,,,,,,,
,,,,,,,,,,,,,,,,,,,
,,,,,,,,,,,,,,,,,,,
,,,,,,,,,,,,,,,,,,,
,,,,,,,,,,,,,,,,,,,
,,,,,,,,,,,,,,,,,,,
,,,,,,,,,,,,,,,,,,,
,,,,,,,,,,,,,,,,,,,
,,,,,,,,,,,,,,,,,,,
,,,,,,,,,,,,,,,,,,,
,,,,,,,,,,,,,,,,,,,
,,,,,,,,,,,,,,,,,,,
,,,,,,,,,,,,,,,,,,,
,,,,,,,,,,,,,,,,,,,
,,,,,,,,,,,,,,,,,,,
,,,,,,,,,,,,,,,,,,,
,,,,,,,,,,,,,,,,,,,
,,,,,,,,,,,,,,,,,,,
,,,,,,,,,,,,,,,,,,,
,,,,,,,,,,,,,,,,,,,
,,,,,,,,,,,,,,,,,,,
,,,,,,,,,,,,,,,,,,,
,,,,,,,,,,,,,,,,,,,
,,,,,,,,,,,,,,,,,,,
,,,,,,,,,,,,,,,,,,,
,,,,,,,,,,,,,,,,,,,
,,,,,,,,,,,,,,,,,,,
,,,,,,,,,,,,,,,,,,,
,,,,,,,,,,,,,,,,,,,
,,,,,,,,,,,,,,,,,,,
,,,,,,,,,,,,,,,,,,,
,,,,,,,,,,,,,,,,,,,
,,,,,,,,,,,,,,,,,,,
,,,,,,,,,,,,,,,,,,,
,,,,,,,,,,,,,,,,,,,
,,,,,,,,,,,,,,,,,,,
,,,,,,,,,,,,,,,,,,,
,,,,,,,,,,,,,,,,,,,
,,,,,,,,,,,,,,,,,,,
,,,,,,,,,,,,,,,,,,,
,,,,,,,,,,,,,,,,,,,
,,,,,,,,,,,,,,,,,,,
,,,,,,,,,,,,,,,,,,,
,,,,,,,,,,,,,,,,,,,
,,,,,,,,,,,,,,,,,,,
,,,,,,,,,,,,,,,,,,,
,,,,,,,,,,,,,,,,,,,
,,,,,,,,,,,,,,,,,,,
,,,,,,,,,,,,,,,,,,,
,,,,,,,,,,,,,,,,,,,
,,,,,,,,,,,,,,,,,,,
,,,,,,,,,,,,,,,,,,,
,,,,,,,,,,,,,,,,,,,
,,,,,,,,,,,,,,,,,,,
,,,,,,,,,,,,,,,,,,,
,,,,,,,,,,,,,,,,,,,
,,,,,,,,,,,,,,,,,,,
,,,,,,,,,,,,,,,,,,,
,,,,,,,,,,,,,,,,,,,
,,,,,,,,,,,,,,,,,,,
,,,,,,,,,,,,,,,,,,,
,,,,,,,,,,,,,,,,,,,
,,,,,,,,,,,,,,,,,,,
,,,,,,,,,,,,,,,,,,,
,,,,,,,,,,,,,,,,,,,
,,,,,,,,,,,,,,,,,,,
,,,,,,,,,,,,,,,,,,,
,,,,,,,,,,,,,,,,,,,
,,,,,,,,,,,,,,,,,,,
,,,,,,,,,,,,,,,,,,,
,,,,,,,,,,,,,,,,,,,
,,,,,,,,,,,,,,,,,,,
,,,,,,,,,,,,,,,,,,,
,,,,,,,,,,,,,,,,,,,
,,,,,,,,,,,,,,,,,,,
,,,,,,,,,,,,,,,,,,,
,,,,,,,,,,,,,,,,,,,
,,,,,,,,,,,,,,,,,,,
,,,,,,,,,,,,,,,,,,,
,,,,,,,,,,,,,,,,,,,
,,,,,,,,,,,,,,,,,,,
,,,,,,,,,,,,,,,,,,,
,,,,,,,,,,,,,,,,,,,
,,,,,,,,,,,,,,,,,,,
,,,,,,,,,,,,,,,,,,,
,,,,,,,,,,,,,,,,,,,
,,,,,,,,,,,,,,,,,,,
,,,,,,,,,,,,,,,,,,,
,,,,,,,,,,,,,,,,,,,
,,,,,,,,,,,,,,,,,,,
,,,,,,,,,,,,,,,,,,,
,,,,,,,,,,,,,,,,,,,
,,,,,,,,,,,,,,,,,,,
,,,,,,,,,,,,,,,,,,,
,,,,,,,,,,,,,,,,,,,
,,,,,,,,,,,,,,,,,,,
,,,,,,,,,,,,,,,,,,,
,,,,,,,,,,,,,,,,,,,
,,,,,,,,,,,,,,,,,,,
,,,,,,,,,,,,,,,,,,,
,,,,,,,,,,,,,,,,,,,
,,,,,,,,,,,,,,,,,,,
,,,,,,,,,,,,,,,,,,,
,,,,,,,,,,,,,,,,,,,
,,,,,,,,,,,,,,,,,,,
,,,,,,,,,,,,,,,,,,,
,,,,,,,,,,,,,,,,,,,
,,,,,,,,,,,,,,,,,,,
,,,,,,,,,,,,,,,,,,,
,,,,,,,,,,,,,,,,,,,
,,,,,,,,,,,,,,,,,,,
,,,,,,,,,,,,,,,,,,,
,,,,,,,,,,,,,,,,,,,
,,,,,,,,,,,,,,,,,,,
,,,,,,,,,,,,,,,,,,,
,,,,,,,,,,,,,,,,,,,
,,,,,,,,,,,,,,,,,,,
,,,,,,,,,,,,,,,,,,,
,,,,,,,,,,,,,,,,,,,
,,,,,,,,,,,,,,,,,,,
,,,,,,,,,,,,,,,,,,,
,,,,,,,,,,,,,,,,,,,
,,,,,,,,,,,,,,,,,,,
,,,,,,,,,,,,,,,,,,,
,,,,,,,,,,,,,,,,,,,
,,,,,,,,,,,,,,,,,,,
,,,,,,,,,,,,,,,,,,,
,,,,,,,,,,,,,,,,,,,
,,,,,,,,,,,,,,,,,,,
,,,,,,,,,,,,,,,,,,,
,,,,,,,,,,,,,,,,,,,
,,,,,,,,,,,,,,,,,,,
,,,,,,,,,,,,,,,,,,,
,,,,,,,,,,,,,,,,,,,
,,,,,,,,,,,,,,,,,,,
,,,,,,,,,,,,,,,,,,,
,,,,,,,,,,,,,,,,,,,
,,,,,,,,,,,,,,,,,,,
,,,,,,,,,,,,,,,,,,,
,,,,,,,,,,,,,,,,,,,
,,,,,,,,,,,,,,,,,,,
,,,,,,,,,,,,,,,,,,,
,,,,,,,,,,,,,,,,,,,
,,,,,,,,,,,,,,,,,,,
,,,,,,,,,,,,,,,,,,,
,,,,,,,,,,,,,,,,,,,
,,,,,,,,,,,,,,,,,,,
,,,,,,,,,,,,,,,,,,,
,,,,,,,,,,,,,,,,,,,
,,,,,,,,,,,,,,,,,,,
,,,,,,,,,,,,,,,,,,,
,,,,,,,,,,,,,,,,,,,
,,,,,,,,,,,,,,,,,,,
,,,,,,,,,,,,,,,,,,,
,,,,,,,,,,,,,,,,,,,
,,,,,,,,,,,,,,,,,,,
,,,,,,,,,,,,,,,,,,,
,,,,,,,,,,,,,,,,,,,
,,,,,,,,,,,,,,,,,,,
,,,,,,,,,,,,,,,,,,,
,,,,,,,,,,,,,,,,,,,
,,,,,,,,,,,,,,,,,,,
,,,,,,,,,,,,,,,,,,,
,,,,,,,,,,,,,,,,,,,
,,,,,,,,,,,,,,,,,,,
,,,,,,,,,,,,,,,,,,,
,,,,,,,,,,,,,,,,,,,
,,,,,,,,,,,,,,,,,,,
,,,,,,,,,,,,,,,,,,,
,,,,,,,,,,,,,,,,,,,
,,,,,,,,,,,,,,,,,,,
,,,,,,,,,,,,,,,,,,,
,,,,,,,,,,,,,,,,,,,
,,,,,,,,,,,,,,,,,,,
,,,,,,,,,,,,,,,,,,,
,,,,,,,,,,,,,,,,,,,
,,,,,,,,,,,,,,,,,,,
,,,,,,,,,,,,,,,,,,,
,,,,,,,,,,,,,,,,,,,
,,,,,,,,,,,,,,,,,,,
,,,,,,,,,,,,,,,,,,,
,,,,,,,,,,,,,,,,,,,
,,,,,,,,,,,,,,,,,,,
,,,,,,,,,,,,,,,,,,,
,,,,,,,,,,,,,,,,,,,
,,,,,,,,,,,,,,,,,,,
,,,,,,,,,,,,,,,,,,,
,,,,,,,,,,,,,,,,,,,
,,,,,,,,,,,,,,,,,,,
,,,,,,,,,,,,,,,,,,,
,,,,,,,,,,,,,,,,,,,
,,,,,,,,,,,,,,,,,,,
,,,,,,,,,,,,,,,,,,,
,,,,,,,,,,,,,,,,,,,
,,,,,,,,,,,,,,,,,,,
,,,,,,,,,,,,,,,,,,,
,,,,,,,,,,,,,,,,,,,
,,,,,,,,,,,,,,,,,,,
,,,,,,,,,,,,,,,,,,,
,,,,,,,,,,,,,,,,,,,
,,,,,,,,,,,,,,,,,,,
,,,,,,,,,,,,,,,,,,,
,,,,,,,,,,,,,,,,,,,
,,,,,,,,,,,,,,,,,,,
,,,,,,,,,,,,,,,,,,,
,,,,,,,,,,,,,,,,,,,
,,,,,,,,,,,,,,,,,,,
,,,,,,,,,,,,,,,,,,,
,,,,,,,,,,,,,,,,,,,
,,,,,,,,,,,,,,,,,,,
,,,,,,,,,,,,,,,,,,,
,,,,,,,,,,,,,,,,,,,
,,,,,,,,,,,,,,,,,,,
,,,,,,,,,,,,,,,,,,,
,,,,,,,,,,,,,,,,,,,
,,,,,,,,,,,,,,,,,,,
,,,,,,,,,,,,,,,,,,,
,,,,,,,,,,,,,,,,,,,
,,,,,,,,,,,,,,,,,,,
,,,,,,,,,,,,,,,,,,,
,,,,,,,,,,,,,,,,,,,
,,,,,,,,,,,,,,,,,,,
,,,,,,,,,,,,,,,,,,,
,,,,,,,,,,,,,,,,,,,
,,,,,,,,,,,,,,,,,,,
,,,,,,,,,,,,,,,,,,,
,,,,,,,,,,,,,,,,,,,
,,,,,,,,,,,,,,,,,,,
,,,,,,,,,,,,,,,,,,,
,,,,,,,,,,,,,,,,,,,
,,,,,,,,,,,,,,,,,,,
,,,,,,,,,,,,,,,,,,,
,,,,,,,,,,,,,,,,,,,
,,,,,,,,,,,,,,,,,,,
,,,,,,,,,,,,,,,,,,,
,,,,,,,,,,,,,,,,,,,
,,,,,,,,,,,,,,,,,,,
,,,,,,,,,,,,,,,,,,,
,,,,,,,,,,,,,,,,,,,
,,,,,,,,,,,,,,,,,,,
,,,,,,,,,,,,,,,,,,,
,,,,,,,,,,,,,,,,,,,
,,,,,,,,,,,,,,,,,,,
,,,,,,,,,,,,,,,,,,,
,,,,,,,,,,,,,,,,,,,
,,,,,,,,,,,,,,,,,,,
,,,,,,,,,,,,,,,,,,,
,,,,,,,,,,,,,,,,,,,
,,,,,,,,,,,,,,,,,,,
,,,,,,,,,,,,,,,,,,,
,,,,,,,,,,,,,,,,,,,
,,,,,,,,,,,,,,,,,,,
,,,,,,,,,,,,,,,,,,,
,,,,,,,,,,,,,,,,,,,
,,,,,,,,,,,,,,,,,,,
,,,,,,,,,,,,,,,,,,,
,,,,,,,,,,,,,,,,,,,
,,,,,,,,,,,,,,,,,,,
,,,,,,,,,,,,,,,,,,,
,,,,,,,,,,,,,,,,,,,
,,,,,,,,,,,,,,,,,,,
,,,,,,,,,,,,,,,,,,,
,,,,,,,,,,,,,,,,,,,
,,,,,,,,,,,,,,,,,,,
,,,,,,,,,,,,,,,,,,,
,,,,,,,,,,,,,,,,,,,
,,,,,,,,,,,,,,,,,,,
,,,,,,,,,,,,,,,,,,,
,,,,,,,,,,,,,,,,,,,
,,,,,,,,,,,,,,,,,,,
,,,,,,,,,,,,,,,,,,,
,,,,,,,,,,,,,,,,,,,
,,,,,,,,,,,,,,,,,,,
,,,,,,,,,,,,,,,,,,,
,,,,,,,,,,,,,,,,,,,
,,,,,,,,,,,,,,,,,,,
,,,,,,,,,,,,,,,,,,,
,,,,,,,,,,,,,,,,,,,
,,,,,,,,,,,,,,,,,,,
,,,,,,,,,,,,,,,,,,,
,,,,,,,,,,,,,,,,,,,
,,,,,,,,,,,,,,,,,,,
,,,,,,,,,,,,,,,,,,,
,,,,,,,,,,,,,,,,,,,
,,,,,,,,,,,,,,,,,,,
,,,,,,,,,,,,,,,,,,,
,,,,,,,,,,,,,,,,,,,
,,,,,,,,,,,,,,,,,,,
,,,,,,,,,,,,,,,,,,,
,,,,,,,,,,,,,,,,,,,
,,,,,,,,,,,,,,,,,,,
,,,,,,,,,,,,,,,,,,,
,,,,,,,,,,,,,,,,,,,
,,,,,,,,,,,,,,,,,,,
,,,,,,,,,,,,,,,,,,,
,,,,,,,,,,,,,,,,,,,
,,,,,,,,,,,,,,,,,,,
,,,,,,,,,,,,,,,,,,,
,,,,,,,,,,,,,,,,,,,
,,,,,,,,,,,,,,,,,,,
,,,,,,,,,,,,,,,,,,,
,,,,,,,,,,,,,,,,,,,
,,,,,,,,,,,,,,,,,,,
,,,,,,,,,,,,,,,,,,,
,,,,,,,,,,,,,,,,,,,
,,,,,,,,,,,,,,,,,,,
,,,,,,,,,,,,,,,,,,,
,,,,,,,,,,,,,,,,,,,
,,,,,,,,,,,,,,,,,,,
,,,,,,,,,,,,,,,,,,,
,,,,,,,,,,,,,,,,,,,
